{"nameImage":"15db0237-0694-41dd-960e-97db38c55c68.jpg","timestamp":"1682958606929-858178","progress":[{"class":{"type":"Quantizer","q_step":2},"max":127,"min":0,"entropy":5.268649967844386,"varianze":1157.7173959023123,"mean":48.94632127549912},{"class":{"type":"Wavelet","waveletType":"Haar","waveletLevel":2},"max":129,"min":-121,"entropy":3.975797369646555,"varianze":142.05176536764887,"mean":0.6634394327799479}],"finalStats":{"psnr":51.122938236794646,"pae":1,"mse":0.5021074083116319}}